{
  "Components": {
    "Nameplate": {
      "Text": "BJTMastermind"
    },
    "EffectController": {},
    "ObjectiveHistory": {
      "ObjectiveHistory": {},
      "ObjectiveLineHistory": {}
    },
    "DisplayName": {
      "DisplayName": {
        "RawText": "BJTMastermind",
        "Bold": null,
        "Italic": null,
        "Monospace": null,
        "Underline": null
      }
    },
    "UIComponentList": {},
    "Transform": {
      "Position": {
        "X": -610.1703491210938,
        "Y": 117.0,
        "Z": 361.20355224609375
      },
      "Rotation": {
        "Pitch": 0.0,
        "Yaw": 4.701444625854492,
        "Roll": 0.0
      }
    },
    "BuilderTools": {
      "SelectionHistory": true
    },
    "Velocity": {
      "Velocity": {
        "X": 0.0,
        "Y": 0.0,
        "Z": 0.0
      }
    },
    "Player": {
      "Version": 5,
      "UUID": {
        "$binary": "Ouwp+kciSCyc5K/rA8w/rQ==",
        "$type": "04"
      },
      "Inventory": {
        "Version": 4,
        "Storage": {
          "Id": "Simple",
          "Capacity": 36,
          "Items": {}
        },
        "Armor": {
          "Id": "Simple",
          "Capacity": 4,
          "Items": {}
        },
        "HotBar": {
          "Id": "Simple",
          "Capacity": 9,
          "Items": {}
        },
        "Utility": {
          "Id": "Simple",
          "Capacity": 4,
          "Items": {}
        },
        "Backpack": {
          "Id": "Empty"
        },
        "ActiveHotbarSlot": 0,
        "Tool": {
          "Id": "Simple",
          "Capacity": 23,
          "Items": {
            "0": {
              "Id": "EditorTool_Paint",
              "Quantity": 1,
              "Durability": 0.0,
              "MaxDurability": 0.0,
              "OverrideDroppedItemAnimation": false
            },
            "2": {
              "Id": "EditorTool_Selection",
              "Quantity": 1,
              "Durability": 0.0,
              "MaxDurability": 0.0,
              "OverrideDroppedItemAnimation": false
            },
            "4": {
              "Id": "EditorTool_Line",
              "Quantity": 1,
              "Durability": 0.0,
              "MaxDurability": 0.0,
              "OverrideDroppedItemAnimation": false
            },
            "1": {
              "Id": "EditorTool_Sculpt",
              "Quantity": 1,
              "Durability": 0.0,
              "MaxDurability": 0.0,
              "OverrideDroppedItemAnimation": false
            },
            "3": {
              "Id": "EditorTool_Paste",
              "Quantity": 1,
              "Durability": 0.0,
              "MaxDurability": 0.0,
              "OverrideDroppedItemAnimation": false
            },
            "5": {
              "Id": "EditorTool_Layers",
              "Quantity": 1,
              "Durability": 0.0,
              "MaxDurability": 0.0,
              "OverrideDroppedItemAnimation": false
            }
          }
        },
        "ActiveToolsSlot": -1,
        "ActiveUtilitySlot": -1,
        "SortType": "Name"
      },
      "PlayerData": {
        "BlockIdVersion": 1,
        "World": "default",
        "KnownRecipes": [],
        "PerWorldData": {
          "default": {
            "LastPosition": {
              "X": -610.1703491210938,
              "Y": 117.0,
              "Z": 361.20355224609375,
              "Pitch": -0.07450152933597565,
              "Yaw": -1.6273808479309082,
              "Roll": 0.0
            },
            "LastMovementStates": {
              "Flying": false
            },
            "FirstSpawn": false,
            "DeathPositions": []
          }
        },
        "DiscoveredZones": [
          "Zone1_Spawn",
          "Zone1_Tier1"
        ],
        "DiscoveredInstances": [],
        "ReputationData": {},
        "ActiveObjectiveUUIDs": []
      },
      "BlockPlacementOverride": false,
      "HotbarManager": {
        "SavedHotbars": [
          null,
          null,
          null,
          null,
          null,
          null,
          null,
          null,
          null,
          null
        ],
        "CurrentHotbar": 0
      },
      "GameMode": "Adventure"
    },
    "HitboxCollision": {
      "HitboxCollisionConfigIndex": 1
    },
    "UniqueItemUsages": {
      "UniqueItemUsed": []
    },
    "Instance": {},
    "UUID": {
      "UUID": {
        "$binary": "Ouwp+kciSCyc5K/rA8w/rQ==",
        "$type": "04"
      }
    },
    "EntityStats": {
      "Version": 5,
      "Stats": {
        "Oxygen": {
          "Id": "Oxygen",
          "Value": 100.0
        },
        "Mana": {
          "Id": "Mana",
          "Value": 0.0
        },
        "Health": {
          "Id": "Health",
          "Value": 100.0
        },
        "GlidingActive": {
          "Id": "GlidingActive",
          "Value": 0.0
        },
        "Immunity": {
          "Id": "Immunity",
          "Value": 0.0
        },
        "SignatureCharges": {
          "Id": "SignatureCharges",
          "Value": 0.0
        },
        "Stamina": {
          "Id": "Stamina",
          "Value": 10.0
        },
        "Ammo": {
          "Id": "Ammo",
          "Value": 0.0
        },
        "Unknown": {
          "Id": "Unknown",
          "Value": 0.0
        },
        "SignatureEnergy": {
          "Id": "SignatureEnergy",
          "Value": 0.0
        },
        "DeployablePreview": {
          "Id": "DeployablePreview",
          "Value": 0.0
        },
        "StaminaRegenDelay": {
          "Id": "StaminaRegenDelay",
          "Value": 0.0
        },
        "MagicCharges": {
          "Id": "MagicCharges",
          "Value": 0.0
        }
      }
    },
    "HeadRotation": {
      "Rotation": {
        "Pitch": -0.07450152933597565,
        "Yaw": -1.6273808479309082,
        "Roll": 0.0
      }
    }
  }
}